recording_id,status,snr_db,quality_tier,hqi
1106174,accepted,28.3,A,0.8528911810944868
1106173,accepted,25.07,A,0.8528911810944868
1100198,accepted,43.54,A,0.8387924602965953
1092231,accepted,40.14,A,0.5975831941646634
1091980,accepted,25.16,A,0.8743472528370381
1084417,accepted,24.22,A,0.3975500425619503
1052236,accepted,41.05,A,0.9637988779417888
1047739,accepted,34.15,A,0.8344828555491999
1046158,accepted,40.06,A,0.8180920565793207
996274,accepted,43.7,A,0.5187067661594357
994505,accepted,32.19,A,0.6104254046945206
994504,accepted,40.04,A,0.6104254046945206
990694,accepted,25.2,A,0.6164057791995313
989898,accepted,20.93,A,0.6386238781732876
985820,accepted,43.61,A,0.7111584995266879
985810,accepted,56.02,A,0.7124878278247154
983564,accepted,26.05,A,0.8947373239129534
983069,accepted,36.43,A,0.771877646936194
926836,accepted,42.19,A,0.4485224270004185
906512,accepted,16.28,A,0.5619220414688043
905527,accepted,15.34,A,0.4883037395854115
905525,rejected_snr,14.81,A,0.4883037395854115
899081,accepted,19.96,A,0.854347021124901
881427,accepted,27.99,A,0.485539694514622
880732,accepted,35.13,A,0.7094547167692595
870733,accepted,41.47,A,0.8515098832764716
843489,accepted,56.4,A,0.5088080136011465
843484,accepted,55.97,A,0.5088080136011465
843474,accepted,44.89,A,0.5493164848189381
842245,accepted,51.1,A,0.713818288726054
842243,rejected_clipping,,A,0.713818288726054
841519,accepted,32.23,A,0.7360983378835144
804299,accepted,56.95,A,0.7844885113961904
801873,accepted,23.26,A,0.7819423694326887
801249,accepted,30.62,A,0.4992650090893022
799282,accepted,38.88,A,0.7224518610809806
798517,accepted,37.27,A,0.8385985085329872
798050,accepted,41.51,A,0.6387417361312921
798049,accepted,43.52,A,0.6387417361312921
798048,accepted,35.18,A,0.6413688608711727
795784,accepted,34.77,A,0.3816794244948821
795763,accepted,37.66,A,0.3816794244948821
795227,accepted,58.55,A,0.7983707767935039
792451,accepted,44.68,A,0.8561765147108238
783633,accepted,57.64,A,0.6587814363061864
770768,accepted,49.46,A,0.4802082056661806
767786,accepted,20.52,A,0.6900224832531675
729993,accepted,56.79,A,0.7040914887555716
724068,accepted,48.08,A,0.8647500204022117
718274,accepted,54.37,A,0.5947775393290612
718046,accepted,54.37,A,0.6852090518577182
716880,accepted,24.9,A,0.3345701806130253
716109,rejected_snr,12.69,A,0.782083980255814
715983,accepted,33.84,A,0.2467939868889942
715846,accepted,33.0,A,0.7781627033013786
712879,accepted,33.93,A,0.6623084159877483
711367,accepted,40.82,A,0.8064120458456187
711263,accepted,28.16,A,0.53517765761622
710918,accepted,18.93,A,0.2331512224351674
709335,accepted,47.8,A,0.7869885330544835
699177,accepted,30.74,A,0.7950882267990144
694592,accepted,39.75,A,0.4853026525338119
682783,accepted,26.5,A,0.7580342444652748
659797,accepted,44.02,A,0.9005830739015747
659796,accepted,42.81,A,0.9005830739015747
659768,accepted,23.57,A,0.8018513773135119
653264,accepted,41.15,A,0.2557164273587466
650119,accepted,37.71,A,0.9567600174350944
649523,accepted,44.38,A,0.9379888514988504
649165,accepted,83.13,A,0.4791522387842236
647427,accepted,31.78,A,0.2459962234272368
644945,accepted,65.21,A,0.8726889575203967
644789,accepted,37.86,A,0.2395473157141759
642636,accepted,79.88,A,0.604910775744911
641390,accepted,70.64,A,0.7161887630189655
641368,accepted,58.94,A,0.7845341508598016
641218,accepted,35.0,A,0.5682419726458491
640219,accepted,29.36,A,0.2287375910130666
635601,accepted,32.65,A,0.5584502442232755
633254,accepted,25.06,A,0.7013402086880469
631744,accepted,29.25,A,0.6432055112693759
631477,accepted,26.82,A,0.3416980779050997
630951,accepted,35.22,A,0.6655167962799708
627978,accepted,34.83,A,0.6473143677042567
627276,accepted,31.2,A,0.7716756072820259
602153,accepted,29.7,A,0.4199488022472225
602152,accepted,24.69,A,0.4199488022472225
602151,accepted,28.07,A,0.4199488022472225
602149,accepted,48.77,A,0.4199488022472225
602148,accepted,53.04,A,0.4199488022472225
593044,accepted,29.84,A,0.7773824242018934
583661,accepted,40.24,A,0.752394051808778
581932,accepted,37.96,A,0.7687636800108143
571732,rejected_snr,14.05,A,0.3528434659005268
556936,accepted,31.17,A,0.8055278393100059
553637,accepted,33.9,A,0.6704905313880272
551734,accepted,40.7,A,0.6745328227759193
551692,accepted,37.24,A,0.6705407869835219
550313,accepted,43.11,A,0.6833834608876097
546441,rejected_snr,6.88,A,0.5815910100238031
545839,accepted,31.06,A,0.4368061851722662
543377,accepted,19.71,A,0.4298941259398175
543375,accepted,28.51,A,0.4298941259398175
541533,accepted,51.44,A,0.7312312347511167
541531,accepted,30.0,A,0.7312312347511167
541528,accepted,54.69,A,0.7312312347511167
541526,accepted,48.29,A,0.7312312347511167
541522,accepted,33.73,A,0.7312312347511167
541517,accepted,48.2,A,0.7312312347511167
538945,accepted,43.73,A,0.5514857989722054
537814,accepted,50.55,A,0.7301427607421919
537813,accepted,39.24,A,0.7301427607421919
536592,accepted,24.96,A,0.7010732235955325
536587,accepted,24.19,A,0.7010732235955325
536136,accepted,51.44,A,0.5377923827671228
535697,accepted,53.88,A,0.5340744149607481
535694,accepted,56.79,A,0.5340744149607481
533705,accepted,42.13,A,0.7316144093639284
533700,accepted,30.76,A,0.7316144093639284
516323,accepted,42.38,A,0.8422893413564452
505777,accepted,40.17,A,0.6796254359114705
478194,accepted,34.11,A,0.9006538611844924
471713,accepted,37.74,A,0.691683682082245
470193,rejected_clipping,,A,0.5237595003145874
468695,accepted,37.34,A,0.5433507312935378
467945,accepted,31.22,A,0.8561835153691001
467944,accepted,44.98,A,0.8561835153691001
467687,accepted,23.69,A,0.7868797178195669
462833,accepted,57.53,A,0.6709805339326159
462714,accepted,37.78,A,0.6458179448596718
462709,accepted,31.77,A,0.6458179448596718
462704,accepted,37.06,A,0.6458179448596718
438243,accepted,25.37,A,0.4259006296052592
437705,accepted,17.17,A,0.4277403687459057
436195,accepted,28.38,A,0.5239430557263496
418483,accepted,41.42,A,0.583818807865623
417023,accepted,57.01,A,0.9412357433460706
407134,accepted,36.06,A,0.6712745213296343
407131,accepted,40.92,A,0.6712745213296343
407130,accepted,39.55,A,0.6712745213296343
407129,accepted,36.54,A,0.6712745213296343
406287,accepted,37.02,A,0.659053879259967
406286,accepted,30.98,A,0.659053879259967
402253,accepted,62.68,A,0.308893240537814
402252,accepted,44.95,A,0.308893240537814
402251,accepted,45.43,A,0.308893240537814
385159,accepted,94.11,A,0.7395445374764184
384625,accepted,94.16,A,0.692091394194316
384622,accepted,104.66,A,0.6155408657003225
381182,accepted,40.17,A,0.675170381912824
371625,accepted,98.72,A,0.5822990419405608
371457,accepted,90.56,A,0.557228170215724
371430,accepted,93.79,A,0.5645978897999282
361979,accepted,59.88,A,0.7472073008751102
359045,accepted,34.09,A,0.5880022687790502
357767,accepted,48.32,A,0.5363989954151154
351439,accepted,47.33,A,0.4467653053844058
348069,accepted,33.22,A,0.7814902091725915
337767,accepted,50.19,A,0.6626322257189414
331371,accepted,88.46,A,0.715636256596076
315677,accepted,85.88,A,0.4085511697017327
309830,accepted,102.47,A,0.5751676993572422
309828,accepted,88.42,A,0.5634306166784527
309826,accepted,98.39,A,0.5135775012341938
309824,accepted,99.14,A,0.5508780929393918
308734,accepted,34.62,A,0.6326608495797549
304755,accepted,86.35,A,0.3416888385150337
304754,accepted,97.93,A,0.5996622992259759
304752,accepted,103.14,A,0.7467601126811619
304747,accepted,105.44,A,0.8362968812624436
304746,accepted,84.49,A,0.8362968812624436
304745,accepted,92.48,A,0.8362968812624436
303440,accepted,98.43,A,0.7641818820988379
303437,accepted,102.44,A,0.7717624178973412
303436,accepted,97.55,A,0.7651646655849629
303422,accepted,103.62,A,0.8401375848523833
303416,accepted,102.41,A,0.8168086216889664
303404,accepted,104.35,A,0.8220013925203669
303403,accepted,100.22,A,0.8220013925203669
303395,accepted,97.93,A,0.5192722745886181
303321,accepted,87.62,A,0.6430094937976948
303316,accepted,96.47,A,0.6148422098902513
303312,accepted,105.6,A,0.3953507643068266
281645,accepted,60.17,A,0.8139535593346708
281644,accepted,44.37,A,0.8139535593346708
281640,accepted,55.41,A,0.8187455419332247
281639,accepted,57.57,A,0.8187455419332247
281638,accepted,58.73,A,0.8139535593346708
281636,accepted,71.9,A,0.992648406933444
281635,accepted,63.1,A,0.8139535593346708
175109,accepted,70.64,A,0.7313150840355606
172453,accepted,52.79,A,0.7059104683121297
170185,accepted,74.87,A,0.6329553364907579
168910,accepted,79.37,A,0.6942941394928343
161542,accepted,44.09,A,0.5608585155982383
139327,accepted,51.24,A,0.1800885029203276
135371,accepted,44.57,A,0.8805064914728038
132001,accepted,43.17,A,0.8550884090947514
131611,accepted,94.7,A,0.6337743925410773
129372,accepted,96.02,A,0.7151460400142474
129329,accepted,60.0,A,0.1400782383364951
129328,accepted,66.09,A,0.1400782383364951
129327,accepted,59.6,A,0.1400782383364951
129326,accepted,56.86,A,0.1400782383364951
129325,accepted,57.31,A,0.1400782383364951
129324,accepted,60.5,A,0.1400782383364951
129323,accepted,63.98,A,0.1400782383364951
128697,rejected_snr,14.63,A,0.7181409724578496
123589,accepted,55.62,A,0.1225163963817114
101346,accepted,29.52,A,0.8365946023307882
101009,accepted,44.92,A,0.7553842470060785
99911,accepted,28.73,A,0.72077250377079
98274,accepted,30.72,A,0.1343910458615882
97120,accepted,50.66,A,0.7283152482516534
96983,accepted,27.32,A,0.8144470329406003
96982,accepted,26.68,A,0.8017174525837631
89967,accepted,19.9,A,0.8346528225461662
76364,accepted,28.28,A,0.7856869872670371
55174,accepted,41.79,A,0.9333292707843778
53725,accepted,23.29,A,0.9263939857442004
1107835,rejected_snr,4.84,B,0.6869583250315815
1107160,accepted,46.06,B,0.3150028377151089
1106172,accepted,23.96,B,0.8528911810944868
1105710,accepted,25.79,B,0.8354903446092988
1105482,accepted,33.74,B,0.6991073405982783
1105326,rejected_snr,11.28,B,0.7047825736864836
1104743,accepted,19.25,B,0.7847705675895273
1103440,rejected_snr,12.16,B,0.941043526741708
1103431,accepted,27.58,B,0.9400805644972392
1103430,accepted,20.11,B,0.9423155624906524
1101671,rejected_snr,11.62,B,0.2510998477774012
1101021,accepted,53.84,B,0.6259250937867856
1100412,accepted,24.02,B,0.9292731812529824
1097384,accepted,17.66,B,0.6222722294367579
1097106,rejected_snr,4.29,B,0.636737852624065
1096413,accepted,27.45,B,0.2789892721663839
1096204,accepted,41.15,B,0.64156554802184
1095936,rejected_snr,1.53,B,0.393553838890013
1095927,accepted,26.93,B,0.936391805416514
1092918,accepted,28.18,B,0.9041315440997544
1091254,accepted,28.58,B,0.7591791432051066
1091252,accepted,35.55,B,0.7591791432051066
1090762,accepted,31.5,B,0.8230957651007573
1090319,accepted,30.05,B,0.6012236107737737
1089785,accepted,20.56,B,0.4389075402789951
1088917,accepted,24.31,B,0.801765190762695
1088915,rejected_snr,8.68,B,0.8320662059700402
1088544,accepted,30.96,B,0.7016397405926014
1087376,accepted,46.34,B,0.8139859230922958
1087011,accepted,15.04,B,0.527782418610433
1085790,accepted,32.21,B,0.610473459278625
1085776,accepted,34.69,B,0.610473459278625
1085775,accepted,34.6,B,0.610473459278625
1085771,accepted,32.39,B,0.610473459278625
1084524,rejected_snr,7.95,B,0.5234970884825211
1076081,accepted,56.75,B,0.7390986070864186
1076080,accepted,60.34,B,0.7817122753112945
1076079,accepted,63.97,B,0.7441791663699318
1076078,accepted,58.89,B,0.7441791663699318
1076074,accepted,54.29,B,0.6865440855193313
1076073,accepted,65.81,B,0.6865440855193313
1075278,rejected_snr,8.99,B,0.2776641959745146
1073093,accepted,33.59,B,0.4326192615242242
1047697,accepted,32.83,B,0.7817571581058007
1044076,rejected_snr,5.53,B,0.4663602561946176
1043813,rejected_snr,-0.2,B,0.2282050797683238
1040944,rejected_snr,11.93,B,0.8290128676022931
1028744,accepted,32.67,B,0.7505602001168722
1022357,accepted,34.99,B,0.6018133635353916
1007924,accepted,23.62,B,0.825062517144231
1006435,rejected_snr,14.98,B,0.2514218246579004
1002199,accepted,16.81,B,0.5040517444181981
1002132,accepted,23.12,B,0.8610508351350921
1002028,accepted,23.39,B,0.8267393745359736
1001965,accepted,18.64,B,0.7220564455960242
1001594,accepted,48.31,B,0.7307807145347752
999132,accepted,22.16,B,0.7908038963383637
995547,rejected_snr,14.04,B,0.5342707546000927
994503,accepted,19.76,B,0.6104254046945206
994454,rejected_clipping,,B,0.1141965602316622
994049,rejected_snr,14.64,B,0.5899718898886965
992432,accepted,40.27,B,0.6528722565929043
992431,accepted,38.42,B,0.6528722565929043
992430,accepted,33.43,B,0.6528722565929043
991253,rejected_snr,7.87,B,0.6721988785965047
991252,rejected_snr,3.61,B,0.6721988785965047
991247,rejected_snr,9.01,B,0.5053363321568495
989601,accepted,39.82,B,0.8152610213629944
989439,accepted,17.42,B,0.6026021016878024
989014,accepted,33.47,B,0.5932930307082833
989009,accepted,43.26,B,0.5932930307082833
985819,accepted,43.61,B,0.7111584995266879
985298,accepted,31.87,B,0.7946520228052062
984046,rejected_snr,11.06,B,0.531206752279546
982849,rejected_snr,13.52,B,0.6344417833443706
981378,accepted,34.71,B,0.6721091448468499
981369,rejected_snr,-15.36,B,0.646344288051518
980882,rejected_snr,5.3,B,0.6081210521691875
979315,rejected_snr,2.5,B,0.6562709068577052
978836,rejected_snr,7.11,B,0.4696000835437129
978669,accepted,22.99,B,0.8305992840963046
977838,accepted,20.48,B,0.5794299001534884
958008,accepted,22.61,B,0.6882135862640395
956943,accepted,35.21,B,0.8987495592703473
955282,rejected_snr,13.45,B,0.6461221093828088
946921,accepted,55.89,B,0.670909549124654
943265,rejected_snr,-3.99,B,0.6352144871166353
940243,accepted,20.26,B,0.5784185716901566
933805,rejected_snr,4.72,B,0.6402411683879938
933804,rejected_snr,9.36,B,0.6402411683879938
933803,rejected_snr,12.44,B,0.6402411683879938
931234,accepted,28.81,B,0.7163356553312558
931233,accepted,20.25,B,0.7164046107756094
924650,accepted,24.05,B,0.4736435742930658
923783,accepted,20.51,B,0.5041432953167712
923782,accepted,27.43,B,0.5041432953167712
922040,accepted,22.76,B,0.546286155082085
922039,accepted,44.13,B,0.4676968129801384
922037,accepted,33.34,B,0.4676968129801384
918078,accepted,32.87,B,0.7174672405561939
913706,accepted,24.7,B,0.8823092356794435
912624,accepted,27.6,B,0.8425021490487629
912622,accepted,32.83,B,0.8425021490487629
911731,accepted,34.68,B,0.7072661301883302
911720,accepted,32.59,B,0.7124743893964421
910530,accepted,33.25,B,0.8398675524624577
910529,accepted,27.45,B,0.8398675524624577
909374,accepted,21.81,B,0.5782893012870715
907119,accepted,39.78,B,0.7191176907703143
905524,accepted,18.33,B,0.4883037395854115
905338,accepted,25.61,B,0.7841204302665797
905337,accepted,16.21,B,0.7841204302665797
905309,accepted,17.78,B,0.790983669546976
905307,accepted,15.28,B,0.790983669546976
905031,accepted,25.25,B,0.7714007418366114
904989,accepted,19.65,B,0.7975727764400542
904987,rejected_snr,11.71,B,0.7975727764400542
904953,accepted,22.35,B,0.6579041460429467
904938,accepted,22.86,B,0.6879159584868342
903432,accepted,23.6,B,0.7534646512833556
902961,accepted,29.19,B,0.7127554806453852
902756,accepted,19.93,B,0.6306418196447277
899669,accepted,39.32,B,0.6693892216226544
899668,accepted,38.76,B,0.6693892216226544
899659,accepted,35.35,B,0.6693892216226544
899464,accepted,45.64,B,0.6693892216226544
898980,accepted,17.35,B,0.6259054110874609
898975,accepted,23.67,B,0.79339472816537
898058,accepted,23.82,B,0.5789471039904125
897551,accepted,32.43,B,0.8959581588395215
896752,accepted,26.89,B,0.6361687109848995
894412,accepted,55.7,B,0.2018746755705275
894271,accepted,28.82,B,0.8169031191383102
894261,accepted,38.66,B,0.8169031191383102
892721,accepted,29.17,B,0.7639791045362736
892687,accepted,23.63,B,0.7575356998213217
892685,accepted,15.55,B,0.7630873641513211
892681,accepted,25.3,B,0.7661380134588115
892636,accepted,27.73,B,0.7575491469030712
891891,accepted,34.96,B,0.560750342200717
884515,accepted,22.61,B,0.6686915167008414
884004,accepted,28.96,B,0.7101133490475978
883369,accepted,16.73,B,0.4240378954284372
883339,accepted,21.37,B,0.2222471505733355
883063,rejected_snr,9.53,B,0.5340754531409578
883062,rejected_snr,12.22,B,0.5340754531409578
881937,accepted,40.31,B,0.7153354163325906
881936,accepted,31.23,B,0.7153354163325906
881706,accepted,24.75,B,0.7605070990812297
881418,accepted,43.27,B,0.4896159716749637
881388,accepted,41.6,B,0.735054114333688
881387,accepted,46.1,B,0.735054114333688
881341,accepted,18.42,B,0.9180791990842998
880828,accepted,23.5,B,0.6980416484485287
880685,accepted,33.85,B,0.7153354163325906
880597,accepted,26.6,B,0.8253957682455735
870729,accepted,33.19,B,0.8515098832764716
865022,accepted,18.92,B,0.8260302666629672
857759,accepted,35.85,B,0.8332550255187235
857261,rejected_snr,13.14,B,0.4147592569212769
857257,rejected_snr,-2.8,B,0.5732281445074819
855469,accepted,26.82,B,0.8857613896257627
845844,rejected_snr,0.14,B,0.6809335709599746
830605,accepted,25.07,B,0.8356847355787331
830563,accepted,32.24,B,0.8506117688634734
821900,accepted,48.26,B,0.9037306464776744
820769,accepted,25.17,B,0.7209809071033735
820768,accepted,15.01,B,0.7530762513221858
815294,accepted,35.26,B,0.53728444920967
811564,accepted,27.08,B,0.4570035703927581
805658,accepted,34.53,B,0.5508127287560819
805512,accepted,32.16,B,0.9509691175406382
805295,accepted,61.23,B,0.8759854302447423
801698,rejected_snr,1.21,B,0.7379495850483635
801514,accepted,18.32,B,0.9119227664069794
801512,accepted,28.27,B,0.9119227664069794
801348,accepted,17.89,B,0.7570833400048828
801211,accepted,19.85,B,0.8562271436779845
801209,accepted,43.42,B,0.8509554717953484
801201,accepted,29.76,B,0.8509554717953484
800810,rejected_snr,6.08,B,0.4996352176113688
800571,accepted,29.13,B,0.7871313740220697
800227,accepted,23.65,B,0.7529357140595759
799528,accepted,38.41,B,0.7997337800237174
798960,accepted,22.3,B,0.7338375870490673
798051,accepted,37.36,B,0.6387417361312921
798045,rejected_snr,14.8,B,0.6364311928718797
797954,rejected_snr,7.74,B,0.618806400193341
797614,accepted,28.46,B,0.6072005287550265
796011,accepted,77.11,B,0.5292290710948367
795921,rejected_snr,8.36,B,0.4848069469314461
795775,rejected_snr,11.51,B,0.3816794244948821
794467,accepted,51.0,B,0.7374799266144206
793976,accepted,52.81,B,0.9393720322458076
793973,accepted,44.17,B,0.9393720322458076
793552,accepted,32.03,B,0.9882058821640168
793158,accepted,22.75,B,0.4166283480046295
792834,accepted,18.66,B,0.6249951348513677
790993,accepted,22.77,B,0.8644606546166291
790978,accepted,25.08,B,0.8644606546166291
790460,accepted,20.42,B,0.570270808721521
790335,accepted,52.77,B,0.8627158321523858
788919,accepted,18.72,B,0.5056850730925435
788242,accepted,33.16,B,0.6854046893044342
787365,accepted,21.96,B,0.8793670539017544
787358,accepted,28.28,B,0.8793670539017544
787269,accepted,76.75,B,0.5438334777009002
787230,accepted,21.7,B,0.6854046893044342
787101,accepted,21.73,B,0.6614278797827858
786939,accepted,29.09,B,0.7278175843130517
786465,accepted,25.75,B,0.6691159969061802
786167,accepted,28.34,B,0.6614278797827858
785344,accepted,22.08,B,0.7308862020809628
785342,accepted,32.07,B,0.7362853269796443
784686,accepted,22.69,B,0.7489325899666932
784685,accepted,17.91,B,0.7337282230717963
784401,rejected_snr,2.24,B,0.7121863736813561
784262,accepted,38.22,B,0.8001668813467199
784260,accepted,28.99,B,0.8001668813467199
784259,accepted,62.84,B,0.5742188348284352
784258,accepted,32.8,B,0.8001668813467199
784257,accepted,33.1,B,0.8001668813467199
784256,accepted,35.81,B,0.8001668813467199
784255,accepted,18.36,B,0.8001668813467199
784247,rejected_snr,12.74,B,0.809030087160564
784033,rejected_snr,13.02,B,0.6296378566348109
784030,accepted,18.24,B,0.6296378566348109
784029,accepted,33.96,B,0.6296378566348109
783887,accepted,19.32,B,0.4755000722268476
777118,accepted,55.06,B,0.5263039296894683
777116,accepted,31.14,B,0.5263039296894683
776383,accepted,47.73,B,0.6006668607977579
775537,accepted,16.69,B,0.689791044140887
770769,accepted,48.6,B,0.467815468317785
770767,rejected_snr,9.26,B,0.4716097256064302
770764,accepted,37.08,B,0.4762667606918216
770763,accepted,32.13,B,0.4763847334424811
770608,rejected_snr,11.01,B,0.6443766045112478
770606,rejected_snr,7.0,B,0.6443766045112478
769718,accepted,21.34,B,0.5242205330824257
761621,accepted,57.37,B,0.5143286024737899
760100,accepted,64.66,B,0.6245477862379223
758204,accepted,49.48,B,0.7651569142133884
757053,accepted,86.23,B,0.6969108122895433
757049,accepted,59.58,B,0.73978549725299
757024,accepted,60.37,B,0.6969108122895433
755602,accepted,25.47,B,0.7369371819073662
733243,accepted,31.58,B,0.2568213478208815
730822,accepted,15.04,B,0.6754553501839123
730821,accepted,21.32,B,0.6754553501839123
727563,rejected_snr,13.45,B,0.3190359618149069
726467,accepted,41.29,B,0.8300034617799368
726299,rejected_snr,14.77,B,0.724678510291073
725888,accepted,20.46,B,0.265629297170648
725006,accepted,19.62,B,0.265629297170648
724867,accepted,22.39,B,0.265629297170648
719659,rejected_snr,8.35,B,0.6443766045112478
717009,accepted,23.58,B,0.3599239765164211
716952,accepted,34.77,B,0.3431269810262927
716606,accepted,28.77,B,0.8083470868526509
715112,accepted,21.26,B,0.5865711682645918
714096,accepted,24.79,B,0.6771867104493566
712876,accepted,16.68,B,0.6779532910832917
712856,accepted,29.66,B,0.6779532910832917
712851,accepted,22.9,B,0.6779532910832917
712847,accepted,29.33,B,0.6779532910832917
712760,accepted,23.15,B,0.6779532910832917
712704,rejected_snr,14.47,B,0.6623084159877483
712687,accepted,17.03,B,0.2382555755966103
712399,rejected_snr,4.45,B,0.5949679521538573
710312,accepted,16.03,B,0.2331512224351674
710261,accepted,43.5,B,0.8422629608180918
710138,accepted,17.15,B,0.2331512224351674
709355,accepted,43.93,B,0.6021754167965507
706621,accepted,24.96,B,0.6884478713765849
706028,accepted,61.2,B,0.5005521848204305
696768,accepted,17.85,B,0.7358988806500782
685416,accepted,36.41,B,0.6711782352763955
685404,accepted,29.9,B,0.6077409149128519
684527,accepted,34.83,B,0.5606582916380907
682784,accepted,29.4,B,0.7580342444652748
680207,accepted,35.13,B,0.3212080963125024
679873,accepted,20.7,B,0.3483069183678678
678051,rejected_snr,0.97,B,0.5954984861123158
668113,accepted,21.28,B,0.4681774208214815
667205,rejected_snr,12.28,B,0.8886265940044291
665980,accepted,35.92,B,0.8019978754331485
661019,rejected_snr,13.85,B,0.937733827201783
658005,accepted,17.24,B,0.2552753826923744
657525,accepted,31.7,B,0.9530382545303588
657524,accepted,24.77,B,0.9530382545303588
653769,rejected_snr,-10.23,B,0.6976696290242553
652951,accepted,16.24,B,0.7711081868228982
652304,accepted,37.39,B,0.8349700383762495
650253,accepted,25.1,B,0.7391954350243138
650107,accepted,30.53,B,0.9567600174350944
649524,accepted,43.31,B,0.9379888514988504
648223,accepted,35.99,B,0.8467387056526806
647067,accepted,24.82,B,0.948784715164912
646903,accepted,19.6,B,0.2381335985066808
646317,accepted,73.57,B,0.7223021674885174
645962,accepted,60.83,B,0.7085368214048327
644752,accepted,22.42,B,0.9373657172723718
644726,accepted,39.5,B,0.9260631480085232
644286,accepted,37.92,B,0.8430687918637798
643720,accepted,17.64,B,0.7720720692868674
643556,accepted,42.58,B,0.7056611845972118
643466,accepted,42.24,B,0.7611638212341278
642001,accepted,29.48,B,0.7349199184388485
641400,accepted,30.33,B,0.8758428957392518
641386,accepted,47.06,B,0.7864515975807981
640678,accepted,23.75,B,0.6021465292445729
640181,accepted,89.07,B,0.5464823835425417
639786,accepted,79.05,B,0.5656775917181909
637907,accepted,32.97,B,0.688001087736632
637745,accepted,18.98,B,0.6107983578341912
637439,accepted,28.0,B,0.8868901420914214
636709,accepted,29.29,B,0.8506397839493597
636447,accepted,31.57,B,0.9071233910025446
636436,accepted,32.61,B,0.9071233910025446
636197,accepted,23.73,B,0.6792897057178099
636170,accepted,28.69,B,0.3944893758278857
636002,accepted,28.55,B,0.760650164871993
635994,accepted,22.01,B,0.5586034427245481
635617,accepted,24.79,B,0.6731205804076861
635446,rejected_snr,8.3,B,0.2184360800804847
635434,accepted,30.49,B,0.2184360800804847
635136,accepted,25.62,B,0.2184360800804847
634998,rejected_snr,0.53,B,0.2950877649508382
634877,accepted,33.88,B,0.6958807781277664
634513,accepted,43.65,B,0.5012791221343881
634391,rejected_snr,14.85,B,0.6701043949119396
632303,accepted,76.36,B,0.5790880234223412
632109,rejected_snr,10.75,B,0.2188296372214744
631989,accepted,33.7,B,0.7578028319072183
631748,accepted,17.29,B,0.6432055112693759
631747,accepted,27.41,B,0.6432055112693759
631745,accepted,23.45,B,0.6432055112693759
631518,accepted,34.87,B,0.6398376498151661
631491,accepted,21.73,B,0.3416980779050997
631173,accepted,42.2,B,0.3356649480388633
630568,rejected_snr,7.23,B,0.7933686348500486
630554,rejected_snr,14.18,B,0.655635349510541
630332,accepted,105.39,B,0.6635970905150785
630331,accepted,68.18,B,0.6635970905150785
630120,accepted,23.85,B,0.6979138571195814
629261,accepted,42.15,B,0.7600264912073679
628464,accepted,20.28,B,0.6980416484485287
627280,accepted,28.97,B,0.7716756072820259
627279,accepted,22.72,B,0.7716756072820259
627274,accepted,23.68,B,0.7716756072820259
627210,accepted,51.09,B,0.6483962870808301
627209,accepted,52.93,B,0.6483962870808301
627207,accepted,48.43,B,0.6483962870808301
627028,accepted,29.43,B,0.8176050567892158
627022,accepted,26.57,B,0.8167389852952813
627020,accepted,22.75,B,0.8167389852952813
626265,accepted,29.63,B,0.525716448633677
626264,accepted,45.83,B,0.525716448633677
612262,rejected_snr,-1.29,B,0.6333686083384005
602234,accepted,20.17,B,0.4240244065111144
602231,accepted,24.82,B,0.4240244065111144
595666,accepted,49.61,B,0.4512910693720506
574186,accepted,21.71,B,0.7868810921334951
571729,rejected_snr,7.57,B,0.3471968394817272
570906,accepted,20.35,B,0.5688824578730198
568111,accepted,30.13,B,0.8519423607964892
567723,accepted,52.43,B,0.8206784442096768
566797,accepted,66.9,B,0.6725989530860834
563850,accepted,35.15,B,0.7820202059222544
563845,accepted,36.15,B,0.7820202059222544
563570,accepted,40.44,B,0.4506276746725238
561505,accepted,25.24,B,0.655350984061834
560614,rejected_snr,2.33,B,0.3213312666120889
559752,accepted,32.08,B,0.8094890228219347
559308,accepted,28.2,B,0.6996606051195284
558133,accepted,21.89,B,0.7161083055840055
556939,rejected_snr,14.66,B,0.8055278393100059
556935,accepted,21.28,B,0.8055278393100059
556108,accepted,43.78,B,0.6767882470266503
556005,accepted,17.52,B,0.7272680639744112
555764,accepted,20.02,B,0.5083255552805778
555220,rejected_snr,4.46,B,0.3216184946763107
555032,accepted,31.89,B,0.6963781616961697
553890,accepted,57.06,B,0.8757258954055562
553827,accepted,36.8,B,0.6704905313880272
553634,accepted,32.28,B,0.6705407869835219
553340,accepted,45.41,B,0.8402909358201655
553204,accepted,42.25,B,0.8067357551102495
553122,rejected_snr,4.76,B,0.3204863607883334
553119,accepted,17.2,B,0.3204863607883334
552023,accepted,20.09,B,0.6705407869835219
551785,accepted,28.77,B,0.6095907440015392
551735,accepted,43.14,B,0.6745328227759193
551381,accepted,35.75,B,0.6745328227759193
550884,accepted,22.98,B,0.8062694874092746
550883,rejected_snr,-9.42,B,0.8062694874092746
550881,accepted,29.44,B,0.8062694874092746
550880,accepted,23.1,B,0.8062694874092746
550661,accepted,34.94,B,0.8327022135855697
548759,accepted,24.61,B,0.526510259838188
548758,accepted,37.47,B,0.5186578175554042
548482,accepted,64.41,B,0.6730724518856804
547405,accepted,33.34,B,0.6694753893913582
546911,accepted,15.04,B,0.6701639081166307
546910,accepted,29.45,B,0.6692525831482689
546828,accepted,15.6,B,0.658217226389686
546497,accepted,20.78,B,0.6911666217116887
546489,accepted,24.78,B,0.6891419624936613
546196,accepted,32.53,B,0.6904519685102787
546193,accepted,27.55,B,0.7468673060456252
546192,accepted,22.95,B,0.7468673060456252
546190,accepted,25.7,B,0.7468673060456252
545849,accepted,24.2,B,0.4368973192728854
545641,accepted,30.61,B,0.6673324956718663
545640,accepted,34.73,B,0.6673324956718663
545639,accepted,24.37,B,0.6673324956718663
545636,accepted,25.64,B,0.6673324956718663
545635,accepted,29.84,B,0.6673324956718663
545634,accepted,29.84,B,0.6673324956718663
545633,accepted,38.65,B,0.6679757558573005
545629,accepted,32.43,B,0.668446496369193
543791,rejected_snr,-1.5,B,0.321115338489886
543790,rejected_snr,-1.23,B,0.321115338489886
543788,rejected_snr,0.59,B,0.321115338489886
542689,accepted,28.45,B,0.8321652093109614
542181,accepted,16.25,B,0.7052234734605021
541981,rejected_snr,14.66,B,0.4693158813606163
541864,rejected_snr,-4.4,B,0.5064323737833427
541515,accepted,39.25,B,0.7312312347511167
541200,accepted,65.52,B,0.8342539720747005
541197,accepted,40.1,B,0.83174600622974
541151,rejected_snr,9.2,B,0.7202839711210504
539944,accepted,34.01,B,0.7814925318064867
539943,accepted,23.21,B,0.7814925318064867
539189,accepted,36.24,B,0.6875751783097719
538273,rejected_snr,14.65,B,0.4023361880687869
538268,accepted,23.7,B,0.4023361880687869
538264,accepted,32.16,B,0.4023361880687869
537226,rejected_snr,4.62,B,0.093073004101192
537116,accepted,15.93,B,0.6995867402787037
536627,accepted,43.94,B,0.7071773254325918
536585,accepted,29.32,B,0.7010732235955325
536563,accepted,38.33,B,0.7695023991159228
536516,accepted,22.65,B,0.7311685233186714
536057,rejected_snr,13.6,B,0.6819732727049562
535799,rejected_snr,6.14,B,0.4993817545041142
535797,rejected_snr,7.1,B,0.4993817545041142
535795,rejected_snr,11.09,B,0.4993817545041142
535791,rejected_snr,4.8,B,0.4993817545041142
534807,accepted,20.77,B,0.6867700387861043
534414,accepted,20.77,B,0.6745883970344382
534290,accepted,35.42,B,0.5895892958369685
534011,accepted,42.51,B,0.5406665920443425
533704,rejected_snr,12.01,B,0.7316144093639284
533323,accepted,21.2,B,0.7541675580798656
533211,accepted,26.51,B,0.6992873033526437
533210,accepted,16.23,B,0.6992873033526437
533198,rejected_snr,11.28,B,0.6992873033526437
532227,accepted,17.69,B,0.3304403437782952
532226,accepted,20.5,B,0.3304403437782952
528606,rejected_snr,13.04,B,0.7194203550742007
515983,accepted,23.43,B,0.8557675478066606
513001,accepted,43.45,B,0.79585957736647
510999,accepted,27.88,B,0.8562547415374424
503961,accepted,49.31,B,0.4681844781559772
502428,accepted,39.92,B,0.7377422604502895
502427,accepted,53.88,B,0.7377422604502895
502366,accepted,29.99,B,0.7146497304595191
502365,accepted,38.11,B,0.7146497304595191
485742,accepted,39.01,B,0.8908139533853698
485738,accepted,22.46,B,0.8908139533853698
485736,accepted,34.46,B,0.8772181142684502
483555,download_failed,,B,0.5432373408278779
483259,rejected_snr,1.66,B,0.0863514983210708
480825,accepted,26.11,B,0.1942289543413709
479032,accepted,45.17,B,0.5526639360378225
479018,accepted,35.66,B,0.5484835850733715
478081,accepted,16.1,B,0.1260593638396414
477469,accepted,16.56,B,0.4672994710636423
476979,rejected_snr,13.33,B,0.2888806577541767
475815,accepted,,B,0.329178566694665
475445,rejected_snr,8.42,B,0.9215943192428891
475245,rejected_snr,14.93,B,0.1257394253303044
474496,rejected_snr,7.29,B,0.5170107984431929
473984,accepted,,B,0.6186056611409588
473880,accepted,,B,0.6583993938391773
473289,accepted,,B,0.4444347937380817
471870,accepted,,B,0.7464450270120646
471629,accepted,21.13,B,0.897787979617906
470428,accepted,53.97,B,0.7636489822567548
469834,accepted,32.61,B,0.548204986263394
469806,accepted,33.48,B,0.7518127789890299
467904,accepted,46.31,B,0.7960071466621379
467785,accepted,20.45,B,0.8223562803495054
467229,accepted,33.2,B,0.4977107946476772
467206,accepted,29.91,B,0.6106459684856133
466855,accepted,45.74,B,0.6811036805048077
466625,accepted,29.98,B,0.6201699707503352
466623,accepted,18.29,B,0.6201699707503352
465902,accepted,71.99,B,0.4831240594244128
465830,accepted,20.06,B,0.469796734017307
465712,rejected_snr,-10.88,B,0.7144134742609625
463980,accepted,54.51,B,0.596165838687815
463872,rejected_snr,-17.89,B,0.285649620517355
463637,accepted,18.97,B,0.6024995093468566
463492,rejected_snr,12.52,B,0.5032239650957143
462710,accepted,22.85,B,0.6458179448596718
461991,accepted,29.88,B,0.3175624071710184
461959,rejected_snr,0.47,B,0.5492368882999181
446343,accepted,21.54,B,0.911338976950274
440205,accepted,20.32,B,0.371246284471407
439558,accepted,41.39,B,0.8018689715353008
438741,accepted,24.87,B,0.8757535951093113
438244,accepted,23.89,B,0.4259006296052592
437710,accepted,25.68,B,0.9292894011999032
437554,accepted,20.62,B,0.9059002772920938
436371,accepted,28.92,B,0.4853026525338119
436194,accepted,39.74,B,0.5239430557263496
436190,rejected_snr,13.16,B,0.4700747382709224
422223,accepted,24.73,B,0.587808973614532
420347,accepted,18.06,B,0.7472238198847131
420334,rejected_snr,9.34,B,0.9022272671661388
417973,accepted,26.61,B,0.911338976950274
417968,accepted,51.3,B,0.911338976950274
417965,accepted,22.11,B,0.911338976950274
417946,accepted,35.55,B,0.9113077446430364
417076,accepted,26.33,B,0.7234638469970278
416752,accepted,31.78,B,0.8137530565211214
416516,rejected_snr,14.7,B,0.5989556766525735
414915,accepted,62.6,B,0.7239815534731094
411680,rejected_snr,4.2,B,0.7387739416072282
411476,accepted,20.38,B,0.6513930937926359
410884,rejected_snr,-16.22,B,0.6192955850790516
410561,accepted,20.31,B,0.8901335964559275
409779,accepted,33.23,B,0.8340116102265608
409758,accepted,56.4,B,0.7099910817575622
408226,accepted,24.68,B,0.2659557777378894
408216,accepted,49.31,B,0.5092616841777382
408050,rejected_snr,1.82,B,0.2848019305059169
407137,accepted,31.52,B,0.6712745213296343
406731,accepted,37.29,B,0.6720891218097272
406508,accepted,36.39,B,0.4853026525338119
406495,accepted,23.16,B,0.4838293447302941
405784,accepted,33.05,B,0.5275479465668296
405778,rejected_snr,-1.25,B,0.2667625437415195
405777,rejected_snr,0.8,B,0.2667625437415195
405466,accepted,39.02,B,0.7514004769728355
404448,accepted,40.41,B,0.7186991261821309
403532,accepted,23.82,B,0.8280436766661451
400994,accepted,20.35,B,0.91413423191207
393917,rejected_snr,3.31,B,0.9404648717090042
389149,accepted,31.59,B,0.7249977384953432
387516,accepted,24.22,B,0.9148811331383518
386240,accepted,27.47,B,0.8454649195197775
385917,accepted,20.33,B,0.918054722783068
385885,accepted,30.9,B,1.0
384973,accepted,27.21,B,0.6728299177316456
384221,accepted,25.54,B,0.7525508101063415
383778,accepted,27.81,B,0.6698039349215532
383509,accepted,28.33,B,0.8517968985723804
380263,accepted,29.62,B,0.8690359749694618
377217,accepted,24.39,B,0.5671134068357453
374934,accepted,20.65,B,0.8438652914967579
374857,accepted,22.72,B,0.8438652914967579
374155,accepted,33.08,B,0.6762131328099228
374055,accepted,35.1,B,0.7680781379220342
373837,accepted,19.36,B,0.7367088917647665
373836,accepted,15.94,B,0.7367088917647665
373628,rejected_snr,13.81,B,0.8319953674453225
373150,accepted,33.06,B,0.8329845486816473
373145,accepted,17.67,B,0.5879905911542287
371421,accepted,36.96,B,0.4096660485808413
370844,accepted,42.32,B,0.7274132721272721
369775,accepted,42.52,B,0.1767651598467032
368058,rejected_snr,13.89,B,0.9103465296620172
367608,accepted,22.07,B,0.6504179979711296
367168,accepted,18.18,B,0.9141384598150488
366243,accepted,18.3,B,0.2907553983713915
364611,accepted,78.58,B,0.6279280159473651
363877,accepted,45.48,B,0.7622453862419543
363741,accepted,30.88,B,0.8189703578626608
363630,rejected_snr,10.83,B,0.6817599313028768
363337,accepted,26.23,B,0.5581524212555633
362817,accepted,29.93,B,0.759521274298744
362621,rejected_snr,7.3,B,0.8361879760832297
362593,accepted,20.53,B,0.6728695425258019
362003,accepted,32.9,B,0.6023587260863296
361569,accepted,17.33,B,0.7352625481190518
361175,rejected_snr,13.38,B,0.7702756296729243
361173,accepted,60.27,B,0.7702756296729243
361151,accepted,60.02,B,0.7702756296729243
360687,accepted,63.96,B,0.7007445758920631
360454,accepted,17.69,B,0.5455051384226273
359031,accepted,32.03,B,0.6466297527030325
359030,accepted,48.11,B,0.6466297527030325
358728,rejected_snr,11.31,B,0.4571411225253458
358601,accepted,29.41,B,0.7199906041718593
358251,accepted,56.87,B,0.434846812887379
358210,accepted,20.99,B,0.7677022328627506
358016,accepted,30.28,B,0.5363989954151154
357852,rejected_snr,13.38,B,0.7679463599910871
357333,accepted,27.8,B,0.7169689609273504
351442,accepted,46.45,B,0.4467653053844058
351440,accepted,50.01,B,0.4467653053844058
337766,accepted,49.5,B,0.6626322257189414
337762,accepted,30.32,B,0.6626322257189414
337758,accepted,70.68,B,0.6626322257189414
337757,accepted,60.46,B,0.6626322257189414
337756,accepted,60.91,B,0.6626322257189414
337755,accepted,75.01,B,0.6626322257189414
337753,accepted,21.94,B,0.6626322257189414
337751,accepted,46.75,B,0.6626322257189414
334302,accepted,27.77,B,0.7463006291415909
330964,accepted,50.58,B,0.8789592326242761
330466,accepted,17.34,B,0.6626322257189414
330464,rejected_snr,12.67,B,0.6626322257189414
330462,rejected_snr,13.4,B,0.6626322257189414
330460,rejected_snr,3.6,B,0.6626322257189414
330457,accepted,15.24,B,0.6626322257189414
330389,accepted,16.82,B,0.6508737150989353
330384,accepted,23.65,B,0.6508737150989353
330382,rejected_snr,3.4,B,0.6508737150989353
330380,rejected_snr,14.49,B,0.6508737150989353
330378,accepted,20.17,B,0.6508737150989353
327773,accepted,18.83,B,0.890598234893613
327767,accepted,19.27,B,0.938141632087661
326334,accepted,73.95,B,0.6508737150989353
326332,accepted,39.76,B,0.6508737150989353
326316,accepted,22.79,B,0.6508737150989353
324027,rejected_snr,3.09,B,0.8294112907156851
321448,rejected_snr,8.8,B,0.6508737150989353
321447,accepted,25.17,B,0.6508737150989353
321445,accepted,18.77,B,0.6508737150989353
321444,accepted,18.5,B,0.6508737150989353
321442,accepted,50.97,B,0.6508737150989353
321441,accepted,29.76,B,0.6508737150989353
321440,accepted,39.61,B,0.6508737150989353
319073,rejected_snr,12.7,B,0.8879488209984557
318127,accepted,49.6,B,0.6508737150989353
318115,accepted,32.05,B,0.6508737150989353
318113,accepted,37.48,B,0.6508737150989353
316656,rejected_snr,14.27,B,0.9395117956054414
316655,rejected_snr,13.51,B,0.9395117956054414
316559,accepted,24.09,B,0.6844725100876591
315874,accepted,24.52,B,0.7680207884253192
315872,accepted,29.31,B,0.7680207884253192
315854,accepted,28.48,B,0.7599556604976598
315853,accepted,37.9,B,0.7599556604976598
315852,accepted,36.07,B,0.7599556604976598
313114,accepted,18.98,B,0.7222380013254283
312699,accepted,25.95,B,0.5451112704223189
312698,accepted,26.26,B,0.5451112704223189
312660,rejected_snr,14.63,B,0.8091000814307903
312628,accepted,41.24,B,0.7822494603024329
310655,accepted,26.58,B,0.8883820544620843
310654,accepted,20.56,B,0.8883820544620843
310649,accepted,18.9,B,0.9066738769204006
309124,accepted,40.61,B,0.6473788941588021
308554,accepted,20.76,B,0.5189198426141755
307908,accepted,16.55,B,0.4293531852043331
284519,accepted,33.36,B,0.6486499498227448
281649,accepted,58.38,B,0.7090247009418374
281648,accepted,53.11,B,0.5105323579731661
281647,accepted,28.3,B,0.6066452612431263
281646,accepted,45.17,B,0.6792966767443502
281643,accepted,50.57,B,0.7692259089013281
281642,accepted,50.48,B,0.6758600264066694
281641,accepted,41.42,B,0.7246819484021578
253618,rejected_snr,14.33,B,0.9123487276579408
253287,rejected_snr,14.29,B,0.7275536177922055
247555,accepted,74.2,B,0.5373779659973331
247553,accepted,32.16,B,0.5373779659973331
246759,accepted,29.33,B,0.6643473374762181
246316,accepted,22.4,B,0.912277888860944
245752,accepted,20.35,B,0.6144899915559422
243871,accepted,26.27,B,0.7048730795144669
243627,rejected_snr,6.99,B,0.7474850376883171
240121,accepted,75.66,B,0.4566899851377602
239720,accepted,21.65,B,0.6321077711127998
236968,accepted,16.05,B,0.6824706035831508
236602,accepted,31.36,B,0.0883568961492238
236601,accepted,25.84,B,0.0883568961492238
235214,accepted,23.36,B,0.9012871924827862
235172,accepted,23.87,B,0.5315952865920431
234555,rejected_snr,13.41,B,0.2777279259966287
233509,accepted,24.51,B,0.1116985627677111
225389,accepted,24.68,B,0.8261439772074215
217588,accepted,24.27,B,0.5879227310009313
217579,accepted,73.65,B,0.5879227310009313
217472,accepted,32.26,B,0.8192703876196697
217471,accepted,34.73,B,0.817627813897839
217469,accepted,32.62,B,0.8025016246696839
217468,accepted,31.82,B,0.8061582421251977
217418,accepted,54.23,B,0.7261954066268991
216369,accepted,28.97,B,0.7843350907771189
216367,accepted,31.28,B,0.7831946823841357
216203,accepted,31.22,B,0.6980499334782163
198422,rejected_snr,14.39,B,0.8207200122423456
195196,accepted,65.59,B,0.623093758493633
193403,accepted,21.43,B,0.6504207422148273
181235,accepted,16.76,B,0.8319861124378077
180025,accepted,26.01,B,0.8960861419300309
178353,rejected_snr,13.41,B,0.8557386298279213
177867,rejected_snr,12.83,B,0.8130682177282035
176124,accepted,67.78,B,0.7916422045386458
174500,accepted,33.32,B,0.8645049459323417
172565,accepted,48.33,B,0.5257085190655458
172170,accepted,62.53,B,0.7666637585997719
171608,accepted,32.02,B,0.8497155645275299
171463,accepted,25.59,B,0.6322068880157506
171462,accepted,19.6,B,0.6322068880157506
170654,accepted,32.09,B,0.7089928562558803
170425,accepted,20.12,B,0.7329519312982495
170174,accepted,57.43,B,0.6329553364907579
169962,download_failed,,B,0.7825401543096225
169599,rejected_snr,14.98,B,0.828274491277496
169309,accepted,97.32,B,0.6329553364907579
169306,accepted,31.65,B,0.763250629286564
156084,accepted,20.13,B,0.8880823586953235
149174,rejected_snr,11.65,B,0.7279968723953952
142808,accepted,64.91,B,0.6456403862829505
142426,accepted,49.96,B,0.5732867907055726
142080,accepted,82.32,B,0.531203761291669
139788,rejected_snr,10.83,B,0.9092827530696076
139542,accepted,63.22,B,0.1800885029203276
139354,accepted,53.88,B,0.1800885029203276
138200,accepted,54.61,B,0.8638458709046117
138198,accepted,90.12,B,0.6297174506736269
138180,accepted,26.53,B,0.8241719616031613
138015,accepted,66.45,B,0.715641355274845
135179,accepted,18.93,B,0.7214031498550401
134883,accepted,95.12,B,0.6921619888361845
134344,accepted,21.39,B,0.8725834085755145
134309,accepted,37.12,B,0.8281008369123812
134210,accepted,21.87,B,0.5986432478480537
133965,accepted,40.85,B,0.923443964392206
132578,accepted,32.12,B,0.6303733924797725
132426,accepted,24.9,B,0.721378614498262
131731,accepted,106.02,B,0.666194234771257
131706,accepted,57.47,B,0.925211833595112
131591,accepted,98.7,B,0.666194234771257
131590,accepted,88.8,B,0.666194234771257
131260,accepted,33.1,B,0.8222331796909588
131258,accepted,20.29,B,0.8222331796909588
131217,accepted,33.01,B,0.4484539256679527
131114,accepted,32.21,B,0.4484539256679527
130957,accepted,88.28,B,0.7120288916957059
130269,accepted,94.42,B,0.3964585165050418
129371,accepted,94.73,B,0.7151460400142474
129350,accepted,17.77,B,0.4484539256679527
129332,accepted,23.23,B,0.7033804915190129
129331,accepted,16.1,B,0.7033804915190129
129330,accepted,15.68,B,0.7033804915190129
129184,accepted,93.25,B,0.7968634303573818
129183,accepted,91.6,B,0.7968634303573818
129182,accepted,88.77,B,0.7151460400142474
129137,accepted,37.61,B,0.6397353592245262
128702,accepted,39.11,B,0.4924414107859404
128699,accepted,24.44,B,0.7181409724578496
127755,accepted,24.11,B,0.7156975465785601
127074,accepted,92.2,B,0.7553919637496653
127070,accepted,53.56,B,0.7131733713894565
124161,accepted,91.08,B,0.6588111058985945
123626,accepted,41.48,B,0.1225163963817114
123584,accepted,49.83,B,0.1225163963817114
123513,accepted,93.71,B,0.6832508112147806
123503,accepted,29.52,B,0.6288175060919239
123172,accepted,33.54,B,0.1225163963817114
117164,accepted,53.63,B,0.7162444395710759
101540,accepted,34.16,B,0.8442664000816009
101347,accepted,17.64,B,0.8365946023307882
101022,accepted,26.66,B,0.8476483312695523
99986,rejected_snr,13.67,B,0.8055250332513314
99984,accepted,28.19,B,0.8055250332513314
98686,accepted,46.43,B,0.7789873333124937
98655,accepted,39.54,B,0.6902864139063603
98638,accepted,24.54,B,0.5757294840792336
98296,accepted,39.44,B,0.6724435395964383
98273,accepted,29.18,B,0.1343910458615882
98272,accepted,29.31,B,0.1343910458615882
97298,rejected_snr,11.36,B,0.6785887446165997
97297,rejected_snr,14.59,B,0.6784776202630556
96981,rejected_snr,13.69,B,0.8017174525837631
96980,accepted,22.31,B,0.8018536634542331
96822,accepted,92.98,B,0.6717553483036754
96699,accepted,83.13,B,0.7296775474769136
90568,rejected_snr,11.76,B,0.8303060877849529
89780,accepted,22.91,B,0.3782586641568461
80642,accepted,15.05,B,0.1607255084152275
78967,accepted,28.8,B,0.9286383192698734
78966,accepted,28.13,B,0.819674052250034
78964,accepted,32.53,B,0.6430529535596
78963,accepted,35.18,B,0.6563771592079056
78163,accepted,24.59,B,0.8305780692106086
78162,accepted,25.59,B,0.8448043520650557
78161,rejected_snr,14.62,B,0.8448043520650557
76556,rejected_snr,14.58,B,0.6108907608149238
74816,accepted,78.27,B,0.7287719280389883
74084,accepted,90.48,B,0.7645314436381706
73012,accepted,75.53,B,0.7615807392316557
72854,accepted,88.41,B,0.7538591687456905
72795,accepted,64.45,B,0.7324620873765434
72579,accepted,69.48,B,0.5087779946685783
56233,accepted,35.54,B,0.952803225392824
55007,accepted,29.33,B,0.8549080548544405
55006,accepted,21.07,B,0.8549080548544405
55005,accepted,29.86,B,0.8549080548544405
55004,accepted,27.75,B,0.8549080548544405
48258,accepted,22.41,B,0.6397312714769834
48103,rejected_snr,5.58,B,0.5036807085185588
47356,accepted,26.6,B,0.6243934100528344
46532,rejected_snr,2.12,B,0.6282256557054691
45809,accepted,16.38,B,0.7413419290184863
44963,accepted,29.45,B,0.8099867810836886
44962,rejected_snr,10.64,B,0.7883213118666635
44961,accepted,22.6,B,0.7883213118666635
44960,accepted,27.45,B,0.7883213118666635
35584,rejected_snr,8.29,B,0.6829217385425689
35054,accepted,22.31,B,0.8171329708659995
33361,accepted,28.04,B,0.7212404541270052
31643,accepted,30.5,B,0.7883213118666635
31634,accepted,29.53,B,0.7901219242134836
25593,rejected_snr,9.76,B,0.6740100667685698
1106773,accepted,15.82,C,0.8473885987515233
1106772,rejected_snr,14.67,C,0.8473885987515233
1105813,accepted,31.06,C,0.6437608837646643
1105246,accepted,25.74,C,0.3150028377151089
1104964,accepted,34.09,C,0.6437608837646643
1104449,accepted,28.58,C,0.64156554802184
1104447,accepted,32.4,C,0.64156554802184
1103270,accepted,23.2,C,0.2311734922041684
1103104,accepted,23.79,C,0.2594522923558708
1102373,rejected_snr,-9.96,C,0.0135588067020596
1101544,rejected_snr,13.9,C,0.7921329813913698
1101324,rejected_snr,9.68,C,0.8386247369358961
1101316,rejected_snr,9.86,C,0.8386247369358961
1100416,accepted,35.24,C,0.9292731812529824
1095920,accepted,26.29,C,0.9324183970216228
1095915,accepted,21.3,C,0.9324183970216228
1090418,accepted,35.49,C,0.6153203536355929
1090220,accepted,27.72,C,0.6885380837972562
1088920,accepted,23.77,C,0.7629735524715686
1088841,accepted,29.62,C,0.6850438184745363
1088516,rejected_snr,13.09,C,0.7088667954041034
1085774,accepted,27.47,C,0.610473459278625
1085772,accepted,30.83,C,0.610473459278625
1076075,accepted,47.36,C,0.7203021058113751
1024960,accepted,24.51,C,0.7914545089737471
1018156,accepted,16.64,C,0.55667153389705
1006438,rejected_snr,-1.19,C,0.2514218246579004
998504,rejected_snr,13.85,C,0.2835327322559734
995732,accepted,31.09,C,0.9450511375255458
991986,accepted,35.82,C,0.6206069065037164
990738,accepted,15.76,C,0.6023862615541441
989960,accepted,59.06,C,0.5504297383586993
987916,accepted,36.86,C,0.5932930307082833
987541,accepted,18.02,C,0.7148895118407906
987529,rejected_snr,-15.55,C,0.4886181980783743
984065,rejected_snr,13.7,C,0.5521700882993258
984063,accepted,17.42,C,0.5490159137013069
983083,accepted,44.28,C,0.7660938516589134
982091,accepted,18.48,C,0.422159208638599
975340,rejected_snr,12.33,C,0.6103869289018233
964861,accepted,18.44,C,0.9199470945326496
962548,rejected_snr,5.86,C,0.5756579029587316
957552,rejected_snr,8.54,C,0.5514955479587613
924651,accepted,17.35,C,0.4736435742930658
922189,accepted,31.57,C,0.4945049113262972
916228,accepted,28.8,C,0.2677915322962209
911756,accepted,39.78,C,0.7052535287358831
911275,accepted,25.61,C,0.7870594818173594
905246,accepted,20.05,C,0.8262897290001031
899903,accepted,29.41,C,0.724550211319209
895692,accepted,39.98,C,0.7938835934976709
880664,accepted,22.69,C,0.7710727707655132
880587,rejected_snr,4.63,C,0.6552033091391781
877604,accepted,27.88,C,0.6751012970960628
861128,rejected_snr,14.62,C,0.8093876366134786
846066,accepted,23.82,C,0.2681778462855277
845150,rejected_snr,9.1,C,0.5601835131443534
826350,rejected_snr,11.99,C,0.7035344642596274
805377,accepted,40.81,C,0.7509265951018885
799881,accepted,17.89,C,0.4996352176113688
799872,accepted,17.24,C,0.4996352176113688
795836,rejected_snr,6.75,C,0.3853840086658572
793798,rejected_snr,-1.72,C,0.4874889675258163
793791,rejected_snr,-11.74,C,0.4874889675258163
793625,accepted,29.76,C,0.9433245223337794
793621,accepted,20.91,C,0.9457619381877804
793160,rejected_snr,11.31,C,0.4758901204881509
790608,rejected_snr,9.82,C,0.6460968714876761
790331,accepted,19.54,C,0.7596801870409371
790281,accepted,25.83,C,0.7970186445821756
788240,accepted,37.5,C,0.6854046893044342
788098,rejected_snr,4.25,C,0.7862336448350703
787369,accepted,18.43,C,0.8793670539017544
787342,accepted,22.65,C,0.8793670539017544
787221,accepted,20.66,C,0.6854046893044342
786485,rejected_snr,2.78,C,0.4594325603231057
785385,accepted,24.53,C,0.452661454211388
785341,accepted,38.26,C,0.7362853269796443
785151,rejected_snr,10.03,C,0.7295179484069525
784983,accepted,21.19,C,0.6726788703876125
784468,rejected_snr,14.2,C,0.6716596895229853
784077,accepted,29.71,C,0.8491835452816896
784075,accepted,29.03,C,0.8579996961735471
784066,accepted,34.66,C,0.8579996961735471
784064,accepted,31.12,C,0.8579996961735471
770766,accepted,20.99,C,0.4716097256064302
769719,accepted,30.81,C,0.5242205330824257
758401,accepted,34.14,C,0.676595083699027
747136,accepted,15.42,C,0.5162386544548012
738297,accepted,16.77,C,0.7417328287845003
735437,accepted,48.24,C,0.8337961930306407
733917,rejected_snr,6.24,C,0.6147195641062255
729679,accepted,18.35,C,0.9700067598877876
726960,accepted,35.3,C,0.40981236241891
726556,accepted,22.83,C,0.4955539140817012
722770,accepted,22.3,C,0.6972784854791445
722044,accepted,28.74,C,0.6949963588181698
720193,accepted,34.21,C,0.7048639286814641
714840,rejected_snr,14.94,C,0.2626218774396395
714230,rejected_snr,3.6,C,0.7567721507195628
714095,accepted,28.37,C,0.6771867104493566
712274,accepted,15.78,C,0.5169014260547259
710090,rejected_snr,5.22,C,0.8091116922794208
709549,rejected_snr,13.19,C,0.5871736686329135
709548,accepted,16.33,C,0.5871736686329135
709547,accepted,22.57,C,0.5871736686329135
708700,rejected_snr,14.21,C,0.8009831465523793
700279,accepted,24.16,C,0.7689482930801085
691544,accepted,21.41,C,0.3944893758278857
680213,accepted,18.94,C,0.3212080963125024
680209,accepted,31.77,C,0.3212080963125024
680208,accepted,31.77,C,0.3212080963125024
679588,accepted,31.19,C,0.4833771762559064
668112,rejected_snr,9.66,C,0.4626738999145647
665979,accepted,22.62,C,0.8019978754331485
663278,accepted,20.76,C,0.6899146811468059
659799,accepted,42.32,C,0.8930064328479322
654502,accepted,27.25,C,0.5618595307460955
654134,rejected_snr,13.72,C,0.4610836264937782
653263,accepted,19.17,C,0.7551131251443564
651289,accepted,24.51,C,0.7522626752934785
649781,accepted,17.84,C,0.5995248218212004
649776,rejected_snr,11.55,C,0.5995248218212004
649755,rejected_snr,14.92,C,0.3586760373459132
648302,rejected_snr,3.12,C,0.634907997821955
648273,rejected_snr,6.84,C,0.634862977131485
648243,rejected_snr,-4.88,C,0.634862977131485
647710,rejected_snr,14.7,C,0.6354575157433469
646263,rejected_snr,4.9,C,0.7441766700007518
646232,rejected_snr,4.9,C,0.7441766700007518
646040,rejected_snr,6.38,C,0.7359264799072803
645116,accepted,19.48,C,0.2413074110807233
642975,accepted,17.27,C,0.5663399313432169
642477,accepted,31.37,C,0.2341884566633214
640057,accepted,17.09,C,0.8507825857469309
638083,rejected_snr,4.99,C,0.4072107461433961
635974,rejected_snr,2.1,C,0.2285688379127915
634622,accepted,23.4,C,0.3467953314099116
633879,accepted,92.34,C,0.8736368246244587
631490,rejected_snr,2.7,C,0.4506061173172448
631471,rejected_snr,5.69,C,0.3821407875820981
631174,accepted,57.49,C,0.3356649480388633
630956,accepted,24.76,C,0.5943942162537322
630955,accepted,30.99,C,0.5943942162537322
630910,accepted,34.49,C,0.3356649480388633
630839,accepted,35.93,C,0.3356649480388633
630734,accepted,38.65,C,0.8205516842108976
627809,accepted,21.74,C,0.5245894413775528
626512,accepted,16.5,C,0.4712745457818446
625696,rejected_clipping,,C,0.9440635550321408
579036,accepted,19.16,C,0.913958898224928
574915,accepted,37.63,C,0.71323164791778
571775,rejected_snr,-4.5,C,0.5753981044112101
568272,accepted,27.1,C,0.6229144220920794
562002,rejected_snr,12.36,C,0.5896425901887508
561723,download_failed,,C,0.7931377186802817
560580,rejected_snr,8.8,C,0.3213312666120889
559743,accepted,20.43,C,0.8094890228219347
556934,accepted,25.55,C,0.8055278393100059
556932,download_failed,,C,0.8055278393100059
554244,accepted,23.65,C,0.7522208576704605
552016,rejected_snr,8.17,C,0.5232017086315847
551801,rejected_snr,12.91,C,0.6095907440015392
549661,rejected_snr,-5.92,C,0.1130673138553375
549130,rejected_snr,7.48,C,0.4371693121665486
549123,rejected_snr,5.52,C,0.4371693121665486
549122,rejected_snr,12.62,C,0.4371693121665486
549120,rejected_snr,4.48,C,0.4371693121665486
549119,rejected_snr,12.84,C,0.4371693121665486
548678,accepted,20.18,C,0.8870723466277252
545113,rejected_snr,11.34,C,0.2818979363543259
543199,accepted,16.58,C,0.1299550203296586
539879,rejected_snr,9.47,C,0.436429442644162
539657,accepted,35.85,C,0.6722984906486767
538934,accepted,79.84,C,0.7534138170509649
538267,accepted,32.47,C,0.4023361880687869
538260,accepted,27.01,C,0.4023361880687869
538249,accepted,19.52,C,0.4023361880687869
537466,rejected_snr,-7.22,C,0.385510434149258
537231,rejected_snr,-1.93,C,0.093073004101192
537126,accepted,21.99,C,0.6995867402787037
536590,accepted,21.11,C,0.7010732235955325
536588,accepted,25.07,C,0.7010732235955325
536586,rejected_snr,7.26,C,0.7010732235955325
535794,rejected_snr,13.87,C,0.4993817545041142
534408,accepted,19.92,C,0.2016921877471193
534203,rejected_snr,-9.54,C,0.5526330442984003
533920,rejected_snr,11.37,C,0.5406665920443425
533324,accepted,18.45,C,0.7541675580798656
531168,accepted,31.59,C,0.7166071431029903
527769,accepted,20.41,C,0.7156345041037118
527767,accepted,20.84,C,0.7156345041037118
512870,accepted,19.12,C,0.8430338859119121
506884,accepted,23.46,C,0.6216085350803554
506882,accepted,33.5,C,0.6216085350803554
488872,rejected_snr,0.84,C,0.6231604747980702
488871,rejected_snr,0.84,C,0.6231604747980702
475566,rejected_snr,12.97,C,0.8632571914963
475380,rejected_snr,4.14,C,0.6077129319295637
475379,rejected_snr,1.58,C,0.6077129319295637
475378,rejected_snr,2.5,C,0.6077129319295637
475377,rejected_snr,-5.71,C,0.6077129319295637
475375,rejected_snr,7.47,C,0.6077129319295637
471714,accepted,28.01,C,0.691683682082245
468055,rejected_clipping,,C,0.7753462803279726
464979,accepted,34.86,C,0.6696723543114844
419690,rejected_snr,12.22,C,0.7963803118137033
417587,accepted,25.83,C,0.4125843388391917
417075,accepted,26.77,C,0.7234638469970278
411462,rejected_snr,3.19,C,0.0
408051,rejected_snr,7.22,C,0.2848019305059169
387806,accepted,28.82,C,0.2063755491175878
380262,accepted,28.76,C,0.8690359749694618
379883,rejected_snr,8.5,C,0.8769883371255772
377036,rejected_snr,8.64,C,0.8587004592231795
376701,rejected_snr,-1.45,C,0.9591206169845116
374156,accepted,32.64,C,0.6762131328099228
373848,accepted,38.0,C,0.496379244761043
373482,accepted,21.79,C,0.9314048238592968
372733,rejected_snr,5.36,C,0.8035854210668641
371440,accepted,84.94,C,0.6016045694156702
369632,accepted,38.88,C,0.8837812155775366
368360,accepted,73.91,C,0.7691549326475784
367612,accepted,15.73,C,0.5378693503176936
367609,rejected_snr,4.93,C,0.5378693503176936
363543,rejected_snr,9.06,C,0.7622453862419543
362133,rejected_snr,7.69,C,0.7518443277585442
361788,accepted,16.87,C,0.5001701723408783
361170,rejected_snr,-0.86,C,0.7702756296729243
360465,accepted,68.45,C,0.7518443277585442
357861,accepted,17.18,C,0.7964414983247491
349535,rejected_snr,-2.05,C,0.5514133996129855
348070,accepted,33.77,C,0.7814902091725915
340120,accepted,18.43,C,0.8491871609208211
337763,accepted,60.07,C,0.6626322257189414
327771,rejected_snr,12.26,C,0.938141632087661
327768,accepted,18.47,C,0.938141632087661
325983,rejected_snr,-2.57,C,0.837354431128379
321455,rejected_snr,7.81,C,0.6508737150989353
318827,accepted,29.54,C,0.8298671101900413
308685,accepted,19.27,C,0.7872968677674117
305234,rejected_snr,12.03,C,0.5987150797967876
291208,accepted,73.81,C,0.7283152482516534
282980,accepted,21.39,C,0.8048209348968378
279662,rejected_snr,9.72,C,0.7062014842378951
260097,rejected_snr,7.26,C,0.1641650045989567
255826,accepted,77.64,C,0.8350023056194193
255583,accepted,69.49,C,0.8283805514160532
255221,accepted,62.14,C,0.8350023056194193
255220,accepted,72.83,C,0.8350023056194193
255022,accepted,80.36,C,0.8283805514160532
244268,rejected_snr,6.7,C,0.7032464819345988
243306,accepted,45.13,C,0.5305282692240262
241436,accepted,47.71,C,0.8578864445473231
239990,accepted,55.73,C,0.6280738447734439
239985,accepted,24.74,C,0.6280738447734439
239975,accepted,54.34,C,0.6280738447734439
238557,accepted,63.1,C,0.6408863812653675
238556,accepted,62.17,C,0.6408863812653675
238555,accepted,26.77,C,0.6408863812653675
238554,accepted,40.68,C,0.6408863812653675
238553,accepted,89.22,C,0.6408863812653675
238552,rejected_snr,-10.27,C,0.6057180611481465
237068,accepted,17.13,C,0.253096687877449
237067,accepted,35.05,C,0.253096687877449
236600,accepted,22.43,C,0.0883568961492238
235549,accepted,21.34,C,0.7796425547638008
235342,accepted,69.02,C,0.2570968349367405
235333,accepted,69.02,C,0.2570968349367405
235332,accepted,72.56,C,0.2570968349367405
235330,rejected_snr,8.31,C,0.2570968349367405
235329,rejected_snr,4.95,C,0.2570968349367405
235327,rejected_snr,10.39,C,0.2570968349367405
235132,rejected_snr,7.84,C,0.8143833912633156
235079,accepted,17.99,C,0.8429811498708677
233327,rejected_snr,-4.91,C,0.1329908653777423
218030,accepted,68.29,C,0.7427027344312568
218029,accepted,50.32,C,0.7427027344312568
216727,rejected_snr,5.84,C,0.8624750082915595
213734,accepted,54.62,C,0.7001938910919556
213733,accepted,62.19,C,0.7001938910919556
213729,rejected_snr,3.41,C,0.7001938910919556
213726,rejected_snr,11.33,C,0.7001938910919556
213724,accepted,62.96,C,0.7001938910919556
193402,rejected_snr,10.09,C,0.6504207422148273
190675,accepted,84.32,C,0.5651263514475924
183598,accepted,73.86,C,0.7010669279124822
180739,accepted,29.85,C,0.6934339447047861
176901,accepted,15.68,C,0.6313466472663111
176320,accepted,54.53,C,0.7737520543370338
176181,download_failed,,C,0.7730798309418644
175274,accepted,32.27,C,0.7471893609209808
172577,accepted,32.39,C,0.7619866550527599
171460,accepted,18.55,C,0.6322068880157506
171456,accepted,17.09,C,0.6322068880157506
169746,rejected_snr,-2.56,C,0.5970203610955407
169745,rejected_snr,1.61,C,0.5970203610955407
158883,accepted,41.21,C,0.6390486936376567
156977,accepted,29.21,C,0.4283011619396369
138382,rejected_snr,9.79,C,0.6585102886990928
138194,accepted,64.91,C,0.6297174506736269
135916,rejected_snr,1.11,C,0.8508908436915261
132336,rejected_snr,5.38,C,0.6022038436019618
129349,accepted,31.16,C,0.4484539256679527
129255,accepted,45.75,C,0.1400782383364951
128698,rejected_snr,14.15,C,0.7181409724578496
78968,accepted,20.32,C,0.9286383192698734
78965,accepted,34.66,C,0.5934147744767341
72853,accepted,83.57,C,0.7538591687456905
66989,accepted,16.21,C,0.1813545634381136
55003,accepted,15.87,C,0.8549080548544405
44965,accepted,19.15,C,0.8099867810836886
44964,accepted,16.79,C,0.8099867810836886
35599,accepted,20.97,C,0.4426330381913122
35583,rejected_snr,7.6,C,0.6829217385425689
35055,rejected_snr,10.63,C,0.8237180608412329
29296,rejected_snr,12.43,C,0.6740100667685698
